,Total,CTot,GE1_Rep,GE1_Perf,GE1_Tot,GE2_Rep,GE2_Perf,GE2_Tot,GE_Tot,VP_Cont,VP_Achv,VP_Tot,VA_Comp,VA_Achv,VA_Tot,CG_Cont,CG_Achv,CG_Tot,Vis_Tot,MB_Cont,MB_Achv,MB_Tot,MA_Cont,MA_Achv,MA_Tot,MP_Cont,MP_Achv,MP_Tot,Mus_Tot,Penalties
count,542.0,542.0,542.0,542.0,542.0,542.0,542.0,542.0,542.0,542.0,542.0,542.0,542.0,542.0,542.0,542.0,542.0,542.0,542.0,542.0,542.0,542.0,542.0,542.0,542.0,542.0,542.0,542.0,542.0,542.0
mean,77.2431734317343,77.24226014760147,7.799907749077491,7.650922509225091,15.450830258302584,7.849538745387454,7.64520295202952,15.494741697416977,30.95904059040591,7.815129151291513,7.605166051660516,15.420295202952028,7.804612546125462,7.628321033210333,15.432933579335796,7.796402214022139,7.56881918819188,15.365221402214024,23.10922509225092,7.790590405904059,7.58081180811808,15.371402214022138,7.840405904059041,7.605073800738007,15.44547970479705,7.895018450184501,7.666789667896678,15.561808118081181,23.181374538745388,-0.007380073800738007
std,10.409718327391618,10.411864911349845,1.0014153527205507,1.0771055026573257,2.0702081504746364,1.0134651532220855,1.085160812188313,2.094485989395447,4.146587789712747,0.9959585068814827,1.095281034889593,2.0847242811917894,1.0079200858746624,1.103676239847251,2.1035506624028533,1.0332239481444083,1.1487902857642263,2.173532999405376,3.146770598959285,1.052509553673133,1.1017843390463893,2.150427346222469,1.0511635228441165,1.106662353976087,2.152860550406116,1.0554861078542812,1.1145709568196371,2.165461290965426,3.1716614242901455,0.17181471183502312
min,45.8,45.8,4.5,4.4,8.9,4.7,4.3,9.1,18.0,4.6,4.1,8.8,4.3,4.3,8.6,4.9,4.4,9.3,13.45,4.6,4.3,8.9,4.5,4.3,8.8,4.9,4.5,9.4,13.65,-4.0
25%,70.4625,70.4625,7.125,7.0,14.1,7.2,7.0,14.2,28.4,7.2,7.0,14.225,7.125,6.9,14.025,7.2,6.9,14.1,21.2,7.125,6.825,14.025,7.1,6.8,13.8,7.2,7.0,14.1,21.05,0.0
50%,77.42500000000001,77.42500000000001,7.8,7.7,15.55,7.9,7.7,15.55,31.0,7.8,7.625,15.5,7.8,7.6,15.5,7.8,7.6,15.4,23.1,7.8,7.6,15.4,7.8,7.6,15.4,7.9,7.7,15.6,23.25,0.0
75%,84.9285,84.9285,8.5,8.4875,16.9375,8.6,8.4,17.0,33.99375,8.5,8.4,16.9,8.575,8.4,17.0,8.5875,8.4,17.0,25.337500000000002,8.5,8.3,16.875,8.6,8.4,17.0,8.7,8.5,17.2,25.55,0.0
max,98.75,98.75,9.9,9.9,19.8,9.9,9.9,19.8,39.65,9.9,9.9,19.8,10.0,10.0,20.0,9.9,9.9,19.8,29.65,9.85,9.8,19.6,10.0,9.9,19.9,9.9,9.85,19.75,29.45,0.0
